Workbook

Sheet Modeling SCP
B2: Key | F2: Lincolnway Energy Annual Production of CO2
B3: Given | F3: 91000 Tons = 83,000,000 kg/yr
B4: Matlab Droplet Model Inputs | F4: Operating Time: 350 d/y = 8400h/yr
B5: Intermediate Calculation | F5: Goal: utilize 50% CO2 per year - offers flexibility depending on market demands
B6: Solution
B8: Biomass Consumption | F8: CO2 Contactor | J8: O2 Contactor | N8: H2 Contactor
B9: Quantity | C9: Value | D9: Units | F9: Mean Droplet Size | G9: ='CO2 Contactor'!B9 -> 1.6 | H9: mm | J9: Mean Droplet Size | K9: ='O2 Contactor'!B9 -> 1.6 | L9: mm | N9: Mean Droplet Size | O9: ='H2 Contactor'!B9 -> 1.6 | P9: mm
B10: maximum growth rate | C10: 0.12 | D10: h-1 | F10: Contactor Height | G10: ='CO2 Contactor'!B2 -> 4 | H10: m | J10: Contactor Height | K10: ='O2 Contactor'!B2 -> 4 | L10: m | N10: Contactor Height | O10: ='H2 Contactor'!B2 -> 4 | P10: m
B11: doubling time | C11: =LN(2)/C10 -> 5.7762265 | D11: h | F11: Contactor Diameter (model) | G11: ='CO2 Contactor'!B3 -> 10 | H11: m | J11: Contactor Diameter (model) | K11: ='O2 Contactor'!B3 -> 10 | L11: m | N11: Contactor Diameter (model) | O11: ='H2 Contactor'!B3 -> 10 | P11: m
B12: molar requirements CO2 | C12: =4.09 -> 4.09 | D12: mol/mol biomass | F12: Contactor Volume (model) | G12: =PI()/4*G11^2*G10 -> 314.15927 | H12: m3 | J12: Contactor Volume (model) | K12: =PI()/4*K11^2*K10 -> 314.15927 | L12: m3 | N12: Contactor Volume (model) | O12: =PI()/4*O11^2*O10 -> 314.15927 | P12: m3
B13: molar requirements NH3 | C13: 0.76 | D13: mol/mol biomass | F13: mean residnece time | G13: ='CO2 Contactor'!B20 -> 1.0147 | H13: s | J13: mean residnece time | K13: ='O2 Contactor'!B20 -> 1.0147 | L13: s | N13: mean residnece time | O13: ='H2 Contactor'!B20 -> 1.0147 | P13: s
B14: molar requirements H2 | C14: 21.36 | D14: mol/mol biomass | F14: liquid holdup | G14: ='CO2 Contactor'!B31 -> 0.0018647021 | H14: unitless | J14: liquid holdup | K14: ='O2 Contactor'!B31 -> 0.0018647021 | L14: unitless | N14: liquid holdup | O14: ='H2 Contactor'!B31 -> 0.0018647021 | P14: unitless
B15: molar requirements O2 | C15: 6.21 | D15: mol/mol biomass | F15: CO2 Partial Pressure | G15: ='CO2 Contactor'!B14 -> 0.1 | H15: atm | J15: O2 Partial Pressure | K15: ='O2 Contactor'!B14 -> 3.9 | L15: atm | N15: H2 Partial Pressure | O15: 1 | P15: atm
B16: molar production H2O | C16: 18.7 | D16: mol/mol biomass | F16: Cout | G16: 0.12 | H16: g/L | J16: Cout | K16: 0.13 | L16: g/L | N16: Cout | O16: 0.07 | P16: g/L
B17: MW Biomass | C17: =4.09*12+7.13+1.89*16+14*0.76 -> 97.09 | D17: g/mol | F17: required flowrate CO2 | G17: =C26 -> 4908000 | H17: g CO2/h | J17: required flowrate O2 | K17: =C31 -> 5419636.4 | L17: g O2/h | N17: required flowrate CO2 | O17: =C30 -> 1165090.9 | P17: g H2/h
B18: MW CO2 | C18: =12+16*2 -> 44 | D18: g/mol | F18: flowrate | H18: L/h | J18: flowrate | L18: L/h | N18: flowrate | P18: L/h
B19: MW NH3 | C19: 17 | D19: g/mol | F19: Required Contactor volume | H19: L | J19: Required Contactor volume | L19: L | N19: Required Contactor volume | P19: L
B20: MW H2 | C20: 2 | D20: g/mol | F20: Required Contactor volume (converted) | H20: m3 | J20: Required Contactor volume (converted) | L20: m3 | N20: Required Contactor volume (converted) | P20: m3
B21: MW O2 | C21: 32 | D21: g/mol | F21: Required contactor diameter | H21: m | J21: Required contactor diameter | L21: m | N21: Required contactor diameter | P21: m
B22: Yield coefficient CO2 | C22: =C17/(C12*C18) -> 0.53950878 | D22: g biomass/g CO2
B23: Yield coefficient NH3 | C23: =C17/(C13*C19) -> 7.5147059 | D23: g biomass/g NH3 | F23: Ammonia Feed
B24: Yield coefficinet H2 | C24: =C17/(C14*C20) -> 2.272706 | D24: g biomass/g H2 | F24: Required delivery rate | G24: =C29 -> 352363.64 | H24: g NH3/h
B25: Yield coefficinet O2 | C25: =C17/(C15*C21) -> 0.48857689 | D25: g biomass/gO2 | F25: density | G25: 0.97 | H25: g/L
B26: Flowrate of CO2 | C26: =4908*1000 -> 4908000 | D26: g CO2/h | F26: Volume flow | G26: =G24/G25 -> 363261.48 | H26: L/h
B27: production capacity biomass | C27: =C26*C22 -> 2647909.1 | D27: g biomass/h
B28: production capacity biomass | C28: =C27*8160/1000/1000 -> 21606.938 | D28: metric tonne biomass/yr | F28: Bioreactor Specs
B29: Required NH3 | C29: =C27/C23 -> 352363.64 | D29: g NH3/h | F29: Media Flowrate | G29: =SUM(G18+O18+G26) -> 363261.48 | H29: L/h
B30: Required H2 | C30: =C27/C24 -> 1165090.9 | D30: g H2/h | F30: doubling time | G30: =C11 -> 5.7762265 | H30: h
B31: Required O2 | C31: =C27/C25 -> 5419636.4 | D31: g O2/h | F31: required bioreactor volume | G31: =G29*G30 -> 2098280.6 | H31: L
F32: Productivity | G32: =C27/G31 -> 1.2619423 | H32: g biomass/L
C33: =C26/1000 -> 4908
C35: =1/C15*C17 -> 15.634461
C36: =1/C25 -> 2.0467607 | E36: `
C37: =C27*C36/1000 -> 5419.6364
F40: tha

Sheet CO2 Contactor
A1: Design parameters | E1: High LH | I1: Low LH
A2: Height | B2: 4 | C2: m | E2: Height | F2: 4 | G2: m | I2: Height | J2: 4 | K2: m
A3: Diameter | B3: 10 | C3: m | E3: Diameter | F3: 10 | G3: m | I3: Diameter | J3: 10 | K3: m
A4: Manifold diameter | B4: =B3-0.1 -> 9.9 | C4: m | E4: Manifold diameter | F4: =F3-0.1 -> 9.9 | G4: m | I4: Manifold diameter | J4: =J3-0.1 -> 9.9 | K4: m
A5: Orifice Density | B5: 20000 | C5: orifice/m2 | E5: Orifice Density | F5: =B5*20 -> 400000 | G5: orifice/m2 | I5: Orifice Density | J5: =B5/10 -> 2000 | K5: orifice/m2
A6: Manifold orifices | B6: =ROUNDUP(B5*(PI()*(B4/2)^2),0) -> 1539538 | C6: orifice | E6: Manifold orifices | F6: =ROUNDUP(F5*(PI()*(F4/2)^2),0) -> 30790750 | G6: orifice | I6: Manifold orifices | J6: =ROUNDUP(J5*(PI()*(J4/2)^2),0) -> 153954 | K6: orifice
A7: Orifice diameter | B7: 0.8 | C7: mm | E7: Orifice diameter | F7: 0.8 | G7: mm | I7: Orifice diameter | J7: 0.8 | K7: mm
A8: Liquid flowrate | B8: =B10*B6 -> 0.57732675 | C8: m3/s | E8: Liquid flowrate | F8: =F10*F6 -> 11.546531 | G8: m3/s | I8: Liquid flowrate | J8: =J10*J6 -> 0.05773275 | K8: m3/s
A9: Mean Droplet Diameter | B9: 1.6 | C9: mm | E9: Mean Droplet Diameter | F9: 1.6 | G9: mm | I9: Mean Droplet Diameter | J9: 1.6 | K9: mm
A10: Flowrate per orifice | B10: 3.75e-07 | C10: m3/s | E10: Flowrate per orifice | F10: 3.75e-07 | G10: m3/s | I10: Flowrate per orifice | J10: 3.75e-07 | K10: m3/s
A12: Operating Conditions | E12: Operating Conditions | I12: Operating Conditions
A13: Temp | B13: 30 | C13: C | E13: Temp | F13: 30 | G13: C | I13: Temp | J13: 30 | K13: C
A14: Pressure (partial) | B14: 0.1 | C14: atm | E14: Pressure (partial) | F14: 0.1 | G14: atm | I14: Pressure (partial) | J14: 0.1 | K14: atm
A15: Csat | B15: 0.11 | C15: g/L | E15: Csat | F15: 0.11 | G15: g/L | I15: Csat | J15: 0.11 | K15: g/L
A17: Contactor 1 | E17: Contactor 1 | I17: Contactor 1
A18: Initial concentration | B18: 0 | C18: g/L | E18: Initial concentration | F18: 0 | G18: g/L | I18: Initial concentration | J18: 0 | K18: g/L
A19: Final Concentration | B19: 0.1 | C19: g/L | E19: Final Concentration | F19: 0.1 | G19: g/L | I19: Final Concentration | J19: 0.1 | K19: g/L
A20: Residence Time | B20: 1.0147 | C20: s | E20: Residence Time | F20: 1.0147 | G20: s | I20: Residence Time | J20: 1.0147 | K20: s
A22: Flow Conditions | E22: Flow Conditions | I22: Flow Conditions
A23: Total Contactor system flowrate | B23: =B8*1000 -> 577.32675 | C23: L/s | E23: Total Contactor system flowrate | F23: =F8*1000 -> 11546.531 | G23: L/s | I23: Total Contactor system flowrate | J23: =J8*1000 -> 57.73275 | K23: L/s
A24: CO2 delivery | B24: =B23*B19*3600 -> 207837.63 | C24: g/h | E24: CO2 delivery | F24: =F23*F19*3600 -> 4156751.3 | G24: g/h | I24: CO2 delivery | J24: =J23*J19*3600 -> 20783.79 | K24: g/h
A26: Required CO2 delivery | B26: ='Modeling SCP'!$C$26 -> 4908000 | C26: g/h | E26: Required CO2 delivery | F26: ='Modeling SCP'!$C$26 -> 4908000 | G26: g/h | I26: Required CO2 delivery | J26: ='Modeling SCP'!$C$26 -> 4908000 | K26: g/h
A27: Reuired number of trains | B27: =ROUNDUP(B26/B24,0) -> 24 | E27: Reuired number of trains | F27: =ROUNDUP(F26/F24,0) -> 2 | I27: Reuired number of trains | J27: =ROUNDUP(J26/J24,0) -> 237
A29: Volume holdup | B29: =B8*B20 -> 0.58581345 | E29: Volume holdup | F29: =F8*F20 -> 11.716265 | I29: Volume holdup | J29: =J8*J20 -> 0.058581421
A30: Contactor Volume | B30: =PI()*B3^2/4*B2 -> 314.15927 | E30: Contactor Volume | F30: =PI()*F3^2/4*F2 -> 314.15927 | I30: Contactor Volume | J30: =PI()*J3^2/4*J2 -> 314.15927
A31: Liquid Holdup fraction | B31: =B29/B30 -> 0.0018647021 | E31: Liquid Holdup fraction | F31: =F29/F30 -> 0.037294031 | I31: Liquid Holdup fraction | J31: =J29/J30 -> 0.00018647046

Sheet O2 Contactor
A1: Design parameters | E1: High LH | I1: Low LH
A2: Height | B2: 4 | C2: m | E2: Height | F2: 4 | G2: m | I2: Height | J2: 4 | K2: m
A3: Diameter | B3: 10 | C3: m | E3: Diameter | F3: 10 | G3: m | I3: Diameter | J3: 10 | K3: m
A4: Manifold diameter | B4: =B3-0.1 -> 9.9 | C4: m | E4: Manifold diameter | F4: =F3-0.1 -> 9.9 | G4: m | I4: Manifold diameter | J4: =J3-0.1 -> 9.9 | K4: m
A5: Orifice Density | B5: 20000 | C5: orifice/m2 | E5: Orifice Density | F5: =B5*20 -> 400000 | G5: orifice/m2 | I5: Orifice Density | J5: =B5/10 -> 2000 | K5: orifice/m2
A6: Manifold orifices | B6: =ROUNDUP(B5*(PI()*(B4/2)^2),0) -> 1539538 | C6: orifice | E6: Manifold orifices | F6: =ROUNDUP(F5*(PI()*(F4/2)^2),0) -> 30790750 | G6: orifice | I6: Manifold orifices | J6: =ROUNDUP(J5*(PI()*(J4/2)^2),0) -> 153954 | K6: orifice
A7: Orifice diameter | B7: 0.8 | C7: mm | E7: Orifice diameter | F7: 0.8 | G7: mm | I7: Orifice diameter | J7: 0.8 | K7: mm
A8: Liquid flowrate | B8: =B10*B6 -> 0.57732675 | C8: m3/s | E8: Liquid flowrate | F8: =F10*F6 -> 11.546531 | G8: m3/s | I8: Liquid flowrate | J8: =J10*J6 -> 0.05773275 | K8: m3/s
A9: Mean Droplet Diameter | B9: 1.6 | C9: mm | E9: Mean Droplet Diameter | F9: 1.6 | G9: mm | I9: Mean Droplet Diameter | J9: 1.6 | K9: mm
A10: Flowrate per orifice | B10: 3.75e-07 | C10: m3/s | E10: Flowrate per orifice | F10: 3.75e-07 | G10: m3/s | I10: Flowrate per orifice | J10: 3.75e-07 | K10: m3/s
A12: Operating Conditions | E12: Operating Conditions | I12: Operating Conditions
A13: Temp | B13: 30 | C13: C | E13: Temp | F13: 30 | G13: C | I13: Temp | J13: 30 | K13: C
A14: Pressure | B14: =4-'CO2 Contactor'!B14 -> 3.9 | C14: atm | E14: Pressure | F14: =4-'CO2 Contactor'!F14 -> 3.9 | G14: atm | I14: Pressure | J14: =4-'CO2 Contactor'!J14 -> 3.9 | K14: atm
A15: Csat | B15: 0.12 | C15: g/L | E15: Csat | F15: 0.12 | G15: g/L | I15: Csat | J15: 0.12 | K15: g/L
A17: Contactor 1 | E17: Contactor 1 | I17: Contactor 1
A18: Initial concentration | B18: 0 | C18: g/L | E18: Initial concentration | F18: 0 | G18: g/L | I18: Initial concentration | J18: 0 | K18: g/L
A19: Final Concentration | B19: 0.11 | C19: g/L | E19: Final Concentration | F19: 0.11 | G19: g/L | I19: Final Concentration | J19: 0.11 | K19: g/L
A20: Residence Time | B20: 1.0147 | C20: s | E20: Residence Time | F20: 1.0147 | G20: s | I20: Residence Time | J20: 1.0147 | K20: s
A22: Flow Conditions | E22: Flow Conditions | I22: Flow Conditions
A23: Total Contactor system flowrate | B23: =B8*1000 -> 577.32675 | C23: L/s | E23: Total Contactor system flowrate | F23: =F8*1000 -> 11546.531 | G23: L/s | I23: Total Contactor system flowrate | J23: =J8*1000 -> 57.73275 | K23: L/s
A24: O2 delivery | B24: =B23*B19*3600 -> 228621.39 | C24: g/h | E24: CO2 delivery | F24: =F23*F19*3600 -> 4572426.4 | G24: g/h | I24: CO2 delivery | J24: =J23*J19*3600 -> 22862.169 | K24: g/h
A26: Required O2 delivery | B26: ='Modeling SCP'!$C$31 -> 5419636.4 | C26: g/h | E26: Required CO2 delivery | F26: ='Modeling SCP'!$C$31 -> 5419636.4 | G26: g/h | I26: Required CO2 delivery | J26: ='Modeling SCP'!$C$31 -> 5419636.4 | K26: g/h
A27: Reuired number of trains | B27: =ROUNDUP(B26/B24,0) -> 24 | E27: Reuired number of trains | F27: =ROUNDUP(F26/F24,0) -> 2 | I27: Reuired number of trains | J27: =ROUNDUP(J26/J24,0) -> 238
A29: Volume holdup | B29: =B8*B20 -> 0.58581345 | E29: Volume holdup | F29: =F8*F20 -> 11.716265 | I29: Volume holdup | J29: =J8*J20 -> 0.058581421
A30: Contactor Volume | B30: =PI()*B3^2/4*B2 -> 314.15927 | E30: Contactor Volume | F30: =PI()*F3^2/4*F2 -> 314.15927 | I30: Contactor Volume | J30: =PI()*J3^2/4*J2 -> 314.15927
A31: Liquid Holdup fraction | B31: =B29/B30 -> 0.0018647021 | E31: Liquid Holdup fraction | F31: =F29/F30 -> 0.037294031 | I31: Liquid Holdup fraction | J31: =J29/J30 -> 0.00018647046

Sheet H2 Contactor
A1: Design parameters | E1: High LH | I1: Low LH
A2: Height | B2: 4 | C2: m | E2: Height | F2: 4 | G2: m | I2: Height | J2: 4 | K2: m
A3: Diameter | B3: 10 | C3: m | E3: Diameter | F3: 10 | G3: m | I3: Diameter | J3: 10 | K3: m
A4: Manifold diameter | B4: =B3-0.1 -> 9.9 | C4: m | E4: Manifold diameter | F4: =F3-0.1 -> 9.9 | G4: m | I4: Manifold diameter | J4: =J3-0.1 -> 9.9 | K4: m
A5: Orifice Density | B5: 20000 | C5: orifice/m2 | E5: Orifice Density | F5: =B5*20 -> 400000 | G5: orifice/m2 | I5: Orifice Density | J5: =B5/10 -> 2000 | K5: orifice/m2
A6: Manifold orifices | B6: =ROUNDUP(B5*(PI()*(B4/2)^2),0) -> 1539538 | C6: orifice | E6: Manifold orifices | F6: =ROUNDUP(F5*(PI()*(F4/2)^2),0) -> 30790750 | G6: orifice | I6: Manifold orifices | J6: =ROUNDUP(J5*(PI()*(J4/2)^2),0) -> 153954 | K6: orifice
A7: Orifice diameter | B7: 0.8 | C7: mm | E7: Orifice diameter | F7: 0.8 | G7: mm | I7: Orifice diameter | J7: 0.8 | K7: mm
A8: Liquid flowrate | B8: =B10*B6 -> 0.57732675 | C8: m3/s | E8: Liquid flowrate | F8: =F10*F6 -> 11.546531 | G8: m3/s | I8: Liquid flowrate | J8: =J10*J6 -> 0.05773275 | K8: m3/s
A9: Mean Droplet Diameter | B9: 1.6 | C9: mm | E9: Mean Droplet Diameter | F9: 1.6 | G9: mm | I9: Mean Droplet Diameter | J9: 1.6 | K9: mm
A10: Flowrate per orifice | B10: 3.75e-07 | C10: m3/s | E10: Flowrate per orifice | F10: 3.75e-07 | G10: m3/s | I10: Flowrate per orifice | J10: 3.75e-07 | K10: m3/s
A12: Operating Conditions | E12: Operating Conditions | I12: Operating Conditions
A13: Temp | B13: 30 | C13: C | E13: Temp | F13: 30 | G13: C | I13: Temp | J13: 30 | K13: C
A14: Pressure | B14: 4 | C14: atm | E14: Pressure | F14: 4 | G14: atm | I14: Pressure | J14: 4 | K14: atm
A15: Csat | B15: 0.0052 | C15: g/L | E15: Csat | F15: 0.0052 | G15: g/L | I15: Csat | J15: 0.0052 | K15: g/L
A17: Contactor 1 | E17: Contactor 1 | I17: Contactor 1
A18: Initial concentration | B18: 0 | C18: g/L | E18: Initial concentration | F18: 0 | G18: g/L | I18: Initial concentration | J18: 0 | K18: g/L
A19: Final Concentration | B19: 0.0051 | C19: g/L | E19: Final Concentration | F19: 0.0051 | G19: g/L | I19: Final Concentration | J19: 0.0051 | K19: g/L
A20: Residence Time | B20: 1.0147 | C20: s | E20: Residence Time | F20: 1.0147 | G20: s | I20: Residence Time | J20: 1.0147 | K20: s
A22: Flow Conditions | E22: Flow Conditions | I22: Flow Conditions
A23: Total Contactor system flowrate | B23: =B8*1000 -> 577.32675 | C23: L/s | E23: Total Contactor system flowrate | F23: =F8*1000 -> 11546.531 | G23: L/s | I23: Total Contactor system flowrate | J23: =J8*1000 -> 57.73275 | K23: L/s
A24: H2 delivery | B24: =B23*B19*3600 -> 10599.719 | C24: g/h | E24: CO2 delivery | F24: =F23*F19*3600 -> 211994.31 | G24: g/h | I24: CO2 delivery | J24: =J23*J19*3600 -> 1059.9733 | K24: g/h
A26: Required H2 delivery | B26: ='Modeling SCP'!$C$30 -> 1165090.9 | C26: g/h | E26: Required CO2 delivery | F26: ='Modeling SCP'!$C$30 -> 1165090.9 | G26: g/h | I26: Required CO2 delivery | J26: ='Modeling SCP'!$C$30 -> 1165090.9 | K26: g/h
A27: Reuired number of trains | B27: =ROUNDUP(B26/B24,0) -> 110 | E27: Reuired number of trains | F27: =ROUNDUP(F26/F24,0) -> 6 | I27: Reuired number of trains | J27: =ROUNDUP(J26/J24,0) -> 1100
A29: Volume holdup | B29: =B8*B20 -> 0.58581345 | E29: Volume holdup | F29: =F8*F20 -> 11.716265 | I29: Volume holdup | J29: =J8*J20 -> 0.058581421
A30: Contactor Volume | B30: =PI()*B3^2/4*B2 -> 314.15927 | E30: Contactor Volume | F30: =PI()*F3^2/4*F2 -> 314.15927 | I30: Contactor Volume | J30: =PI()*J3^2/4*J2 -> 314.15927
A31: Liquid Holdup fraction | B31: =B29/B30 -> 0.0018647021 | E31: Liquid Holdup fraction | F31: =F29/F30 -> 0.037294031 | I31: Liquid Holdup fraction | J31: =J29/J30 -> 0.00018647046
